{"epoch_loss": 0.003925607974587147, "_timestamp": 1710482618.2754555, "_runtime": 1171.798234462738, "_step": 17, "_wandb": {"runtime": 1219}}