{"acc": 78.96551724137932, "loss": 0.658369708009835, "_timestamp": 1711688646.4442887, "_runtime": 161.1442928314209, "_step": 0, "_wandb": {"runtime": 261}}