{"epoch_loss": 0.003141467717345342, "_timestamp": 1710405033.582565, "_runtime": 1122.624531030655, "_step": 22, "_wandb": {"runtime": 1114}}