{"epoch_loss": 0.0027271361005577173, "_timestamp": 1710488711.6613538, "_runtime": 2365.092204809189, "_step": 41, "_wandb": {"runtime": 2380}}