{"epoch_loss": 0.021600399443433303, "_timestamp": 1710405343.1077025, "_runtime": 172.91640758514404, "_step": 3, "_wandb": {"runtime": 182}}