{"epoch_loss": 0.0026517981136109955, "_timestamp": 1710418891.8712628, "_runtime": 1770.9455816745758, "_step": 34, "_wandb": {"runtime": 1804}}