{"epoch_loss": 0.003234552916077789, "_timestamp": 1710405033.702257, "_runtime": 1122.6890490055084, "_step": 22, "_wandb": {"runtime": 1114}}