{"epoch_loss": 0.018831959533051026, "_timestamp": 1710403600.3194916, "_runtime": 127.41230773925781, "_step": 2, "_wandb": {"runtime": 144}}