{"epoch_loss": 0.003097508345107155, "_timestamp": 1710486192.8079515, "_runtime": 1460.0885243415833, "_step": 24, "_wandb": {"runtime": 1486}}