{"acc": 92.41379310344827, "loss": 0.5051919630889234, "_timestamp": 1711690357.1845388, "_runtime": 268.545254945755, "_step": 1, "_wandb": {"runtime": 289}}