{"epoch_loss": 0.019115556462490853, "_timestamp": 1710403600.4125223, "_runtime": 127.56046342849731, "_step": 2, "_wandb": {"runtime": 144}}