{"acc": 42.06896551724138, "loss": 0.6504874844489427, "_timestamp": 1711683040.9436421, "_runtime": 178.90505623817444, "_step": 0, "_wandb": {"runtime": 180}}