{"acc": 58.192955589586525, "loss": 0.513855192733222, "_timestamp": 1711697318.0264504, "_runtime": 1277.3795914649963, "_step": 9, "_wandb": {"runtime": 1276}}