{"epoch_loss": 0.021642507138577374, "_timestamp": 1710405343.2079966, "_runtime": 172.8791515827179, "_step": 3, "_wandb": {"runtime": 182}}