{"acc": 56.64454653734899, "loss": 0.10795649102535741, "_timestamp": 1711712140.8156645, "_runtime": 345.4426565170288, "_step": 1, "_wandb": {"runtime": 356}}