{"epoch_loss": 0.002216698645136881, "_timestamp": 1710943017.2472115, "_runtime": 6640.61147236824, "_step": 84, "_wandb": {"runtime": 6638}}