{"epoch_loss": 0.003304746594618667, "_timestamp": 1710484190.8721755, "_runtime": 919.4589123725891, "_step": 16, "_wandb": {"runtime": 965}}