{"acc": 78.62068965517241, "loss": 0.6567513248016095, "_timestamp": 1711687231.1189692, "_runtime": 159.02458429336548, "_step": 0, "_wandb": {"runtime": 161}}