{"acc": 59.19686915092734, "loss": 0.3983958986298791, "_timestamp": 1711697838.8715093, "_runtime": 258.1663463115692, "_step": 1, "_wandb": {"runtime": 336}}