{"acc": 94.13793103448276, "loss": 0.5304549040465519, "_timestamp": 1711689847.5863159, "_runtime": 1084.3295269012451, "_step": 7, "_wandb": {"runtime": 1160}}